{"rmse":22.262641724872548,"mae":21.752923011779785,"r2":-21.09106283460296}